ID,1,2,3a,3b,3c,3d,3e,3f,3g,3h,3i,3j,4a,4b,4c,4d,5a,5b,5c,6,7,8,9a,9b,9c,9d,9e,9f,9g,9h,9i,10,11a,11b,11c,11d,Physical Functioning,Role-Physical,Bodily-Pain,General Health,Vitality,Social Functioning,Role-Emotional,Mental Health,Reported Health Transition,Mean Current Health,PHYSICAL,MENTAL,GLOBAL
sample1,3.4,4,1,2,2,3,3,2,3,3,3,3,2,1,2,2,2,2,1,5,3.1,2,4,1,1,2,2,2,2,1,1,2,3,3,1,4.0,75.0,75.0,30.999999999999993,47.0,25.0,62.5,66.66666666666666,8.0,60.0,61.0,57.0,40.541666666666664,48.77083333333333
sample2,2.0,2,1,2,3,3,3,2,2,2,1,3,2,1,1,1,1,1,1,2,5.4,5,5,4,4,4,5,2,2,6,1,1,1,5,2,3.0,60.0,25.0,84.00000000000001,40.0,45.0,12.5,0.0,60.0,20.0,25.0,52.25,29.375,40.8125
sample3,2.0,2,1,2,3,3,3,2,2,2,1,3,2,1,1,1,1,1,1,2,5.4,5,5,4,4,4,5,2,2,6,1,1,1,5,2,2.5,60.0,25.0,84.00000000000001,37.5,45.0,12.5,0.0,60.0,20.0,25.0,51.625,29.375,40.5
